<application>
  <component name="FindSettings">
    <option name="customScope" value="Default Changelist" />
    <option name="defaultScopeName" value="Default Changelist" />
    <option name="SEARCH_SCOPE" value="Default Changelist" />
    <mask>*.css</mask>
    <mask>*.jsp</mask>
    <mask>*.properties</mask>
    <mask>*.js</mask>
    <mask>*.java, *.ts</mask>
    <mask>*.ts,*.html</mask>
    <mask>!*.css</mask>
    <mask>!*.java</mask>
    <mask>*.html, *.js</mask>
    <mask>*.html, *.ts</mask>
    <mask>*.xmli</mask>
    <mask>*model.ts</mask>
    <mask>*scss</mask>
    <mask>*json</mask>
    <mask>*</mask>
    <mask>*html</mask>
    <mask>*sql</mask>
    <mask>*ts</mask>
    <mask>*wiki</mask>
    <mask>pom.xml</mask>
    <mask>*.html</mask>
    <mask>*.xml</mask>
    <mask>*.wiki</mask>
    <mask>*.sql</mask>
    <mask>*.json</mask>
    <mask>*.ts</mask>
    <mask>*.scss</mask>
    <mask>*.java</mask>
  </component>
</application>