<application>
  <component name="WebBrowsersConfiguration" showHover="false">
    <browser id="98ca6316-2f89-46d9-a9e5-fa9e2b0625b3" name="Chrome" family="CHROME" active="false" />
    <browser id="a7bb68e0-33c0-4d6f-a81a-aac1fdb870c8" name="Firefox" family="FIREFOX" active="false" />
    <browser id="e5120d43-2c3f-47ef-9f26-65e539e05186" name="Safari" family="SAFARI" active="false" />
    <browser id="53e2f627-b1a7-4dfa-bfa7-5b83cc034776" name="Opera" family="OPERA" active="false" />
    <browser id="b1b2ec2c-20bd-4ee2-89c4-616db004bcd4" name="Yandex" family="CHROME" path="browser" active="false" />
    <browser id="16bf23d4-93e0-4ffc-bfd6-cb13575177b0" name="Internet Explorer" family="EXPLORER" active="false" />
    <browser id="b2a9dca7-9d0b-4e1e-98a8-afb19c1328d2" name="Edge" family="EXPLORER" path="microsoft-edge" active="false" />
    <browser id="0ffff875-f2fe-4df3-a70d-db07aae3c491" name="ChromeM6" family="CHROME" path="C:/Quentin/M6/Chrome 88/App/Chrome-bin/chrome.exe">
      <settings>
        <command-line-options>--user-data-dir=&quot;C:\Quentin\M6\Chrome 88\Data\profile\Default&quot; --chrome-version=88.0.4324.104</command-line-options>
        <user-data-dir>$APPLICATION_CONFIG_DIR$/chrome-user-data</user-data-dir>
      </settings>
    </browser>
  </component>
</application>