<keymap version="1" name="Default copy" parent="$default">
  <action id="ActivateApplicationServersToolWindow">
    <keyboard-shortcut first-keystroke="alt 2" />
  </action>
  <action id="ActivateDebugToolWindow">
    <keyboard-shortcut first-keystroke="alt 2" />
  </action>
  <action id="ActivateFavoritesToolWindow" />
  <action id="ActivateFindToolWindow">
    <keyboard-shortcut first-keystroke="alt 4" />
  </action>
  <action id="ActivateProjectToolWindow" />
  <action id="ActivateRunToolWindow">
    <keyboard-shortcut first-keystroke="alt 3" />
  </action>
  <action id="ActivateServicesToolWindow" />
  <action id="ActivateStructureToolWindow" />
  <action id="ActivateTODOToolWindow" />
  <action id="ActivateVersionControlToolWindow" />
  <action id="CloseActiveTab" />
  <action id="CloseContent">
    <keyboard-shortcut first-keystroke="ctrl w" />
  </action>
  <action id="CommentByBlockComment">
    <keyboard-shortcut first-keystroke="shift ctrl divide" />
  </action>
  <action id="CommentByLineComment">
    <keyboard-shortcut first-keystroke="ctrl slash" />
    <keyboard-shortcut first-keystroke="ctrl divide" />
    <keyboard-shortcut first-keystroke="shift ctrl colon" />
  </action>
  <action id="ContextHelp" />
  <action id="DuplicatesForm.SendToLeft" />
  <action id="EditorSelectWord" />
  <action id="EditorSplitLine" />
  <action id="EvaluateExpression">
    <keyboard-shortcut first-keystroke="alt f8" />
    <keyboard-shortcut first-keystroke="alt w" />
  </action>
  <action id="FileChooser.GotoHome" />
  <action id="FileStructurePopup">
    <keyboard-shortcut first-keystroke="shift ctrl t" />
  </action>
  <action id="Git.Fetch">
    <keyboard-shortcut first-keystroke="alt f" />
  </action>
  <action id="Git.Rebase">
    <keyboard-shortcut first-keystroke="alt r" />
  </action>
  <action id="GotoBookmark1" />
  <action id="GotoDeclaration">
    <mouse-shortcut keystroke="control button1" />
  </action>
  <action id="GotoImplementation">
    <mouse-shortcut keystroke="control button3" />
  </action>
  <action id="GotoTest" />
  <action id="Images.ShowThumbnails" />
  <action id="PinActiveTab">
    <keyboard-shortcut first-keystroke="shift ctrl less" />
  </action>
  <action id="Rainbow.ScopeHighlightingAction" />
  <action id="Rainbow.ScopeOutsideHighlightingRestrainAction" />
  <action id="Refactorings.QuickListPopupAction">
    <keyboard-shortcut first-keystroke="shift ctrl alt t" />
    <keyboard-shortcut first-keystroke="shift alt t" />
  </action>
  <action id="Resume">
    <keyboard-shortcut first-keystroke="f9" />
    <keyboard-shortcut first-keystroke="alt j" />
  </action>
  <action id="RunDashboard.ShowConfigurations" />
  <action id="SelectNextOccurrence" />
  <action id="ShowIntentionActions">
    <keyboard-shortcut first-keystroke="alt enter" />
    <keyboard-shortcut first-keystroke="ctrl 1" />
  </action>
  <action id="StepOver">
    <keyboard-shortcut first-keystroke="f8" />
    <keyboard-shortcut first-keystroke="alt y" />
  </action>
  <action id="Vcs.QuickListPopupAction">
    <keyboard-shortcut first-keystroke="alt x" />
  </action>
  <action id="Vcs.Show.Local.Changes">
    <keyboard-shortcut first-keystroke="alt 1" />
  </action>
  <action id="XDebugger.MuteBreakpoints">
    <keyboard-shortcut first-keystroke="ctrl alt b" />
  </action>
  <action id="tasks.switch" />
</keymap>